{
    "rmse": 0.732633151027095,
    "mae": 0.5411764712674643,
    "r2": 0.2395670028645891
}