{
    "rmse": 0.6423008904417588,
    "mae": 0.5057835095183709,
    "r2": 0.3603481856414349
}