{
    "rmse": 0.6689598796226517,
    "mae": 0.5128552189403128,
    "r2": 0.2811127380807189
}