{
    "rmse": 0.7070955418024748,
    "mae": 0.5499082327857577,
    "r2": 0.28409904949574694
}